depth_band,Tx,original_correlation,original_phase_deg,corrected_correlation,corrected_phase_deg
1,1,0.952998048673898,-9.44376227957804,0.952998048673898,-9.44376227957804
1,2,0.95639102559918,-10.4282135205585,0.95639102559918,-10.4282135205585
1,3,0.956321353211481,-11.0549526844381,0.956321353211481,-11.0549526844381
1,4,0.967051975672212,-8.62710589656815,0.967051975672212,-8.62710589656815
1,5,0.972067316981949,-0.347755814726471,0.972067316981949,-0.347755814726471
1,6,0.981031486118502,0.989933609937119,0.981031486118502,0.989933609937119
1,7,0.980604715812703,-0.117178314351815,0.980604715812703,-0.117178314351815
1,8,0.977409107426858,1.32701715656286,0.977409107426858,1.32701715656286
1,9,0.976854694540862,3.25600294451238,0.976854694540862,3.25600294451238
1,10,0.976036599855386,1.56241852828343,0.976036599855386,1.56241852828343
1,11,0.973740215070821,0.137456210355381,0.973740215070821,0.137456210355381
1,12,0.978730356252284,0.0198088982888874,0.978730356252284,0.0198088982888874
1,13,0.981867894274316,0.144322669881594,0.981867894274316,0.144322669881594
1,14,0.976643707736913,0.392180564114571,0.976643707736913,0.392180564114571
1,15,0.974280246403076,-0.327015557344261,0.974280246403076,-0.327015557344261
1,16,0.97091897922842,-0.299704328841529,0.97091897922842,-0.299704328841529
1,17,0.963914667824762,0.0608745896486582,0.963914667824762,0.0608745896486582
1,18,0.962670779629722,-2.29614259537222,0.962670779629722,-2.29614259537222
1,19,0.967591232210849,-0.545528596811052,0.967591232210849,-0.545528596811052
1,20,0.970343884646557,0.975743603472074,0.970343884646557,0.975743603472074
1,21,0.965604097822069,-2.25531853733565,0.965604097822069,-2.25531853733565
1,22,0.969346252022658,1.51279386861931,0.969346252022658,1.51279386861931
1,23,0.965461515749923,1.58750366910869,0.965461515749923,1.58750366910869
1,24,0.970577582295202,-1.19172346460684,0.970577582295202,-1.19172346460684
1,25,0.967038666441299,1.67876697243725,0.967038666441299,1.67876697243725
1,26,0.969471561739164,-0.650741298968709,0.969471561739164,-0.650741298968709
1,27,0.959764730683261,2.65508559125768,0.959764730683261,2.65508559125768
1,28,0.976470979544909,1.05009940381593,0.976470979544909,1.05009940381593
1,29,0.974993506045548,-0.463043685729604,0.974993506045548,-0.463043685729604
1,30,0.95470841189745,1.36722367010536,0.95470841189745,1.36722367010536
1,31,0.969035969237804,-1.64840087527518,0.969035969237804,-1.64840087527518
1,32,0.937766139918292,-0.320843332683847,0.937766139918292,-0.320843332683847
1,33,0.962064087941915,-2.62038872065666,0.962064087941915,-2.62038872065666
1,34,0.966239259029721,-1.66236924559597,0.966239259029721,-1.66236924559597
1,35,0.971463449579451,-0.696839727494706,0.971463449579451,-0.696839727494706
1,36,0.977279959464285,0.143743365249319,0.977279959464285,0.143743365249319
1,37,0.970135616374468,-1.17080665042735,0.970135616374468,-1.17080665042735
1,38,0.960318633470761,0.0167855145524479,0.960318633470761,0.0167855145524479
1,39,0.961852238647742,-0.435051859873957,0.961852238647742,-0.435051859873957
1,40,0.962475054192252,-0.14213443052084,0.962475054192252,-0.14213443052084
1,41,0.976510655550705,2.23993328795397,0.976510655550705,2.23993328795397
1,42,0.973351504313398,-0.138466809084889,0.973351504313398,-0.138466809084889
1,43,0.977496416900402,-1.09182098946064,0.977496416900402,-1.09182098946064
1,44,0.969541479119789,0.166605470745384,0.969541479119789,0.166605470745384
1,45,0.975692839827669,0.720646487464318,0.975692839827669,0.720646487464318
1,46,0.971292980016674,0.0354842718528544,0.971292980016674,0.0354842718528544
1,47,0.971372415928949,1.1758239091343,0.971372415928949,1.1758239091343
1,48,0.965267167221662,1.89910215214064,0.965267167221662,1.89910215214064
1,49,0.966143302551919,0.560144443979597,0.966143302551919,0.560144443979597
1,50,0.96912917729234,0.31444281892697,0.96912917729234,0.31444281892697
1,51,0.962147292782624,0.0472207879853122,0.962147292782624,0.0472207879853122
1,52,0.964521679163567,2.84958115709688,0.964521679163567,2.84958115709688
1,53,0.966757195847405,0.698353076181539,0.966757195847405,0.698353076181539
1,54,0.966002016444637,0.57765822272388,0.966002016444637,0.57765822272388
1,55,0.959816398464638,1.25341934639128,0.959816398464638,1.25341934639128
1,56,0.969158281967499,1.04301629630288,0.969158281967499,1.04301629630288
1,57,0.956055043245086,0.150697995744449,0.956055043245086,0.150697995744449
1,58,0.954657254003286,-1.84109645194453,0.954657254003286,-1.84109645194453
1,59,0.939911682057334,1.18626459500586,0.939911682057334,1.18626459500586
1,60,0.945799087920118,-0.659330921138833,0.945799087920118,-0.659330921138833
1,61,0.943888598296736,-0.839549729644848,0.943888598296736,-0.839549729644848
1,62,0.962506203779116,0.788415722195298,0.962506203779116,0.788415722195298
1,63,0.956675594955288,-1.30959111010407,0.956675594955288,-1.30959111010407
1,64,0.962949855507135,-1.84749856737028,0.962949855507135,-1.84749856737028
1,65,0.957545791592119,-0.0323024614077951,0.957545791592119,-0.0323024614077951
1,66,0.967782681768555,-0.582002293583179,0.967782681768555,-0.582002293583179
1,67,0.966255550250029,0.940125254500388,0.966255550250029,0.940125254500388
1,68,0.969711738686406,0.00129609174593149,0.969711738686406,0.00129609174593149
1,69,0.966595034597335,-0.356341531887,0.966595034597335,-0.356341531887
1,70,0.965794970308216,0.556366231185362,0.965794970308216,0.556366231185362
1,71,0.966484669326929,0.862626892905617,0.966484669326929,0.862626892905617
1,72,0.96430836138042,-1.27880750755228,0.96430836138042,-1.27880750755228
1,73,0.964092992493618,0.467750398288048,0.964092992493618,0.467750398288048
1,74,0.966004003800625,2.5650250934149,0.966004003800625,2.5650250934149
1,75,0.963272298913958,0.66279111263051,0.963272298913958,0.66279111263051
1,76,0.963788970655551,0.00328107891770754,0.963788970655551,0.00328107891770754
1,77,0.974063692257554,-0.911358528052998,0.974063692257554,-0.911358528052998
1,78,0.967792493689187,-2.83100188131335,0.967792493689187,-2.83100188131335
1,79,0.97300809330295,0.492954452651718,0.97300809330295,0.492954452651718
1,80,0.971533610079394,-0.526831562213904,0.971533610079394,-0.526831562213904
1,81,0.970834180977116,-2.24786307871903,0.970834180977116,-2.24786307871903
1,82,0.961487250280407,-2.49964130104404,0.961487250280407,-2.49964130104404
1,83,0.96248951453695,0.101799149273399,0.96248951453695,0.101799149273399
1,84,0.966633082826393,0.762952530883643,0.966633082826393,0.762952530883643
1,85,0.969208559762736,-4.97055890571851,0.969208559762736,-4.97055890571851
1,86,0.964199814112116,-1.16356656434522,0.964199814112116,-1.16356656434522
1,87,0.971433955268624,2.03832136399915,0.971433955268624,2.03832136399915
1,88,0.965663804045429,1.75245076822136,0.965663804045429,1.75245076822136
1,89,0.958670766122751,0.845021708801741,0.958670766122751,0.845021708801741
1,90,0.962375194820883,0.810370688308672,0.962375194820883,0.810370688308672
1,91,0.958721759061752,1.19003361944526,0.958721759061752,1.19003361944526
1,92,0.966595501027332,0.338979135014299,0.966595501027332,0.338979135014299
1,93,0.966761091795839,1.25087957894091,0.966761091795839,1.25087957894091
1,94,0.950542092991286,1.96362633636428,0.950542092991286,1.96362633636428
1,95,0.968361955858751,0.330313061243897,0.968361955858751,0.330313061243897
1,96,0.948963708512465,-0.632078890622632,0.948963708512465,-0.632078890622632
1,97,0.973390940893383,-0.473818567749575,0.973390940893383,-0.473818567749575
1,98,0.964452599603436,1.78367542875339,0.964452599603436,1.78367542875339
1,99,0.97601877970205,1.34915304845739,0.97601877970205,1.34915304845739
1,100,0.958424879668922,1.47251209092908,0.958424879668922,1.47251209092908
1,101,0.947445415020374,2.90879449569966,0.947445415020374,2.90879449569966
1,102,0.963480528613598,-1.88089023812649,0.963480528613598,-1.88089023812649
1,103,0.967776231858376,-0.612767904000547,0.967776231858376,-0.612767904000547
1,104,0.964436142174069,0.118038259915566,0.964436142174069,0.118038259915566
1,105,0.955616489316176,0.395738339051147,0.955616489316176,0.395738339051147
1,106,0.96198209601804,1.31716945873434,0.96198209601804,1.31716945873434
1,107,0.959646548746557,1.18731782741294,0.959646548746557,1.18731782741294
1,108,0.964413247227419,-2.11489480908836,0.964413247227419,-2.11489480908836
1,109,0.975484557446993,-1.48881388774521,0.975484557446993,-1.48881388774521
1,110,0.975623964226729,0.908079820388937,0.975623964226729,0.908079820388937
1,111,0.968797586679919,1.67502358159727,0.968797586679919,1.67502358159727
1,112,0.964277723384863,-48.9130154354992,0.974277784847105,1.68257647095145
1,113,0.964929960098872,-47.2953676114419,0.973706512293154,-0.936401378174306
1,114,0.975292741541325,-46.5303678664378,0.975359609934415,-3.2358166365251
1,115,0.975558524368993,-40.6079947648572,0.978603307367079,-0.726598271767471
1,116,0.977326334420104,-37.7698502394993,0.976382769543052,-0.792625209687543
1,117,0.977681742114925,-37.0999184154083,0.977322268566517,-3.02489690432616
1,118,0.979118103756657,-30.7785036429614,0.981106588540587,0.157859985631992
1,119,0.976684723230895,-30.8368321588749,0.979765267822303,-3.02961277031706
1,120,0.980817351294179,-26.1319544964466,0.980816235490779,-1.57986633370781
1,121,0.974999948591908,-18.8467426933271,0.974705120720339,2.72793392289715
1,122,0.965338243351815,-15.0610377200225,0.967372581236496,2.69835296703501
1,123,0.974368956233772,-9.44223307595591,0.973724092309111,4.67611796895752
1,124,0.979449359041994,-8.44717125650771,0.979234232742589,2.67910828101277
1,125,0.978190431738329,-2.21048056825309,0.973617267826319,6.02863469631402
1,126,0.971836532766453,2.68561893366237,0.971343499785963,7.72810024498083
1,127,0.972999939785838,8.85305341509955,0.969929127343092,10.2312246725926
2,1,0.945085642660779,-24.4927063616746,0.945085642660779,-24.4927063616746
2,2,0.945579138250694,-22.1792094019118,0.945579138250694,-22.1792094019118
2,3,0.948159405862707,-19.4915564104206,0.948159405862707,-19.4915564104206
2,4,0.938732047559788,-18.4439776921704,0.938732047559788,-18.4439776921704
2,5,0.929371286140712,-17.1866458745695,0.929371286140712,-17.1866458745695
2,6,0.928497696496323,-11.1826307352792,0.928497696496323,-11.1826307352792
2,7,0.938684742911601,-9.48841669046097,0.938684742911601,-9.48841669046097
2,8,0.928904283309657,-12.191691026618,0.928904283309657,-12.191691026618
2,9,0.923126877545995,-12.0968334082137,0.923126877545995,-12.0968334082137
2,10,0.926209283656136,-7.38658719479819,0.926209283656136,-7.38658719479819
2,11,0.94208639242535,-6.66116425614273,0.94208639242535,-6.66116425614273
2,12,0.938841455563115,-6.09071140437813,0.938841455563115,-6.09071140437813
2,13,0.925218374486175,-4.29532069805027,0.925218374486175,-4.29532069805027
2,14,0.931812731136243,-6.06748632565422,0.931812731136243,-6.06748632565422
2,15,0.928438197726012,-3.78265571361457,0.928438197726012,-3.78265571361457
2,16,0.931059844587207,-2.97225857191859,0.931059844587207,-2.97225857191859
2,17,0.902173194456895,-3.00167151446822,0.902173194456895,-3.00167151446822
2,18,0.91976199433923,-0.925926363039577,0.91976199433923,-0.925926363039577
2,19,0.927549441398688,-1.64389677475525,0.927549441398688,-1.64389677475525
2,20,0.913451439864817,-0.999623311263344,0.913451439864817,-0.999623311263344
2,21,0.947707885738145,2.22875364810178,0.947707885738145,2.22875364810178
2,22,0.94289990141664,-1.38203478639974,0.94289990141664,-1.38203478639974
2,23,0.924036404795742,-3.78091069705959,0.924036404795742,-3.78091069705959
2,24,0.936483297303899,-0.441943198984451,0.936483297303899,-0.441943198984451
2,25,0.947117066985461,0.771798032645795,0.947117066985461,0.771798032645795
2,26,0.955138703712468,1.24978007238552,0.955138703712468,1.24978007238552
2,27,0.931579689534521,-2.72792774200738,0.931579689534521,-2.72792774200738
2,28,0.87883882370852,-1.02098460852979,0.87883882370852,-1.02098460852979
2,29,0.915322588991024,4.77033973740542,0.915322588991024,4.77033973740542
2,30,0.923501687248938,1.04605127274315,0.923501687248938,1.04605127274315
2,31,0.937881980641674,0.118508282426297,0.937881980641674,0.118508282426297
2,32,0.926119841329914,1.20131246466148,0.926119841329914,1.20131246466148
2,33,0.95308059577461,1.11336438535699,0.95308059577461,1.11336438535699
2,34,0.955214348547029,0.939698678059263,0.955214348547029,0.939698678059263
2,35,0.920279012116885,2.89734397591723,0.920279012116885,2.89734397591723
2,36,0.922653394209271,4.13974824804815,0.922653394209271,4.13974824804815
2,37,0.948423516629127,3.06482086660229,0.948423516629127,3.06482086660229
2,38,0.943168128823165,0.821400257150521,0.943168128823165,0.821400257150521
2,39,0.943801648502965,0.497183793691826,0.943801648502965,0.497183793691826
2,40,0.928885794839376,-2.45035644046096,0.928885794839376,-2.45035644046096
2,41,0.926789337365719,4.92738085013846,0.926789337365719,4.92738085013846
2,42,0.936212303850321,7.41806373017088,0.936212303850321,7.41806373017088
2,43,0.921132662181184,5.81226248905432,0.921132662181184,5.81226248905432
2,44,0.939047401145579,1.38993627498816,0.939047401145579,1.38993627498816
2,45,0.940709906983245,3.45129741630291,0.940709906983245,3.45129741630291
2,46,0.944516166569199,2.84572553856663,0.944516166569199,2.84572553856663
2,47,0.924184502841378,3.17992007147317,0.924184502841378,3.17992007147317
2,48,0.911374880668178,1.074000310736,0.911374880668178,1.074000310736
2,49,0.913985094678543,2.10610875954342,0.913985094678543,2.10610875954342
2,50,0.907960060197859,6.19589442420091,0.907960060197859,6.19589442420091
2,51,0.888669572910694,6.22006831158448,0.888669572910694,6.22006831158448
2,52,0.911720031651371,7.02264074127129,0.911720031651371,7.02264074127129
2,53,0.926684118166533,5.13506909551809,0.926684118166533,5.13506909551809
2,54,0.926705365900163,4.59458003322143,0.926705365900163,4.59458003322143
2,55,0.917661860620204,1.03322186396913,0.917661860620204,1.03322186396913
2,56,0.922403231840622,-2.13265954186027,0.922403231840622,-2.13265954186027
2,57,0.915135888572502,1.99554023977626,0.915135888572502,1.99554023977626
2,58,0.948821689557012,1.20132347643106,0.948821689557012,1.20132347643106
2,59,0.920238289893192,-1.29377413589672,0.920238289893192,-1.29377413589672
2,60,0.889504605395855,1.03789460847659,0.889504605395855,1.03789460847659
2,61,0.89339248406427,1.04742016462858,0.89339248406427,1.04742016462858
2,62,0.937966011007423,3.55182466922072,0.937966011007423,3.55182466922072
2,63,0.929436641477527,0.539086010759923,0.929436641477527,0.539086010759923
2,64,0.928375915420013,-0.384882551690531,0.928375915420013,-0.384882551690531
2,65,0.944881547587387,-1.80452533163337,0.944881547587387,-1.80452533163337
2,66,0.918148567440992,-0.493585524404829,0.918148567440992,-0.493585524404829
2,67,0.911377536838479,-2.23228271865208,0.911377536838479,-2.23228271865208
2,68,0.896664254664844,0.265543561808539,0.896664254664844,0.265543561808539
2,69,0.918361384661316,-4.9190626590454,0.918361384661316,-4.9190626590454
2,70,0.931874109241188,-3.71932476875935,0.931874109241188,-3.71932476875935
2,71,0.918832178303772,-1.65129429324442,0.918832178303772,-1.65129429324442
2,72,0.934748638201644,-1.76562750212549,0.934748638201644,-1.76562750212549
2,73,0.927604775698135,-1.20428569461658,0.927604775698135,-1.20428569461658
2,74,0.917130260482612,-5.61160920783698,0.917130260482612,-5.61160920783698
2,75,0.887027527446319,-7.16491504841732,0.887027527446319,-7.16491504841732
2,76,0.931781507785999,-0.962334965699233,0.931781507785999,-0.962334965699233
2,77,0.959885890855504,-3.78587941531912,0.959885890855504,-3.78587941531912
2,78,0.932861328479731,-7.83546092505279,0.932861328479731,-7.83546092505279
2,79,0.913018495569066,-7.29886013318528,0.913018495569066,-7.29886013318528
2,80,0.918030279151648,0.533417804000145,0.918030279151648,0.533417804000145
2,81,0.941366607387362,-2.50748368694311,0.941366607387362,-2.50748368694311
2,82,0.932503877567638,-4.78412054933493,0.932503877567638,-4.78412054933493
2,83,0.937953586877584,-2.8727955539813,0.937953586877584,-2.8727955539813
2,84,0.91953939458778,-5.78208721528442,0.91953939458778,-5.78208721528442
2,85,0.894278712947445,-3.87130790974582,0.894278712947445,-3.87130790974582
2,86,0.930981424616523,-4.62834223946325,0.930981424616523,-4.62834223946325
2,87,0.954219170285267,-0.675824986523637,0.954219170285267,-0.675824986523637
2,88,0.950344111524267,-2.40955725441788,0.950344111524267,-2.40955725441788
2,89,0.944785962896708,-2.70461442219221,0.944785962896708,-2.70461442219221
2,90,0.953140286532695,-5.48231358934422,0.953140286532695,-5.48231358934422
2,91,0.942344057531741,-3.00146604709633,0.942344057531741,-3.00146604709633
2,92,0.930266469833742,3.11417519535978,0.930266469833742,3.11417519535978
2,93,0.945720179594609,-1.47647077581425,0.945720179594609,-1.47647077581425
2,94,0.934872318028986,-1.6721437533752,0.934872318028986,-1.6721437533752
2,95,0.936359551501596,1.17656869854603,0.936359551501596,1.17656869854603
2,96,0.937702754407977,3.76507942019888,0.937702754407977,3.76507942019888
2,97,0.932820779595336,1.33228831317241,0.932820779595336,1.33228831317241
2,98,0.939689482350984,1.43251452809377,0.939689482350984,1.43251452809377
2,99,0.930748045007055,-0.743344715499836,0.930748045007055,-0.743344715499836
2,100,0.928046783554541,0.931195548138771,0.928046783554541,0.931195548138771
2,101,0.926619388743049,0.225196371286146,0.926619388743049,0.225196371286146
2,102,0.913359664263422,1.80642933894343,0.913359664263422,1.80642933894343
2,103,0.94570903132345,-2.07782032778061,0.94570903132345,-2.07782032778061
2,104,0.93723640343559,-1.60038845345541,0.93723640343559,-1.60038845345541
2,105,0.945485617084256,0.166099218008542,0.945485617084256,0.166099218008542
2,106,0.924433269892192,0.952949523587313,0.924433269892192,0.952949523587313
2,107,0.925380550723933,1.50644759708206,0.925380550723933,1.50644759708206
2,108,0.916624289903161,1.77063092342466,0.916624289903161,1.77063092342466
2,109,0.896965741351833,0.742907106594748,0.896965741351833,0.742907106594748
2,110,0.920707052976481,-1.05306661101419,0.920707052976481,-1.05306661101419
2,111,0.936350786732952,3.04760533308526,0.936350786732952,3.04760533308526
2,112,0.93404593525871,-43.137374558698,0.940085967492816,5.07280174283514
2,113,0.928787890323703,-43.4192331942261,0.936373118424062,1.20324578606516
2,114,0.928719999405594,-42.9347382975462,0.933877219905798,0.332035183158991
2,115,0.943430280443077,-41.32755644532,0.94473476402291,0.226439300197814
2,116,0.933750475027265,-36.3651748898682,0.937283360189894,1.87720711288557
2,117,0.932672844105242,-31.3907624438777,0.936691428284123,3.23143852954527
2,118,0.922803025239896,-27.0589700265512,0.925756099915255,4.03039900248912
2,119,0.918012347420275,-20.9502131513499,0.917122541066474,7.33017390291798
2,120,0.930366906723178,-15.2837281983387,0.931369446245193,9.42483276103381
2,121,0.936009389606138,-7.16033159475404,0.934958293517786,14.1364082276715
2,122,0.948131069329234,-2.1052552880818,0.944466362283915,15.8353207664959
2,123,0.952291956961947,1.38585943256408,0.949532837810377,17.1808462977438
2,124,0.949702157227963,5.19048881903057,0.952980704951189,17.1500214415356
2,125,0.945242896700818,7.59777070489175,0.945965695825477,15.8475444237112
2,126,0.938511331868232,12.3728497144071,0.937117469028654,17.3441043092259
2,127,0.935241503415599,18.121477094604,0.934824168654548,19.406175141597
3,1,0.984303443475075,-20.2988893318943,0.984303443475075,-20.2988893318943
3,2,0.985975447171104,-18.3215869021271,0.985975447171104,-18.3215869021271
3,3,0.987030276324171,-15.2596116203071,0.987030276324171,-15.2596116203071
3,4,0.985016775234589,-11.913782751819,0.985016775234589,-11.913782751819
3,5,0.983299239869967,-10.3902239811893,0.983299239869967,-10.3902239811893
3,6,0.982945514029218,-8.95757235460579,0.982945514029218,-8.95757235460579
3,7,0.981500998168504,-7.64767045881487,0.981500998168504,-7.64767045881487
3,8,0.978515160323594,-6.23162903667742,0.978515160323594,-6.23162903667742
3,9,0.979320060155439,-5.09401578965069,0.979320060155439,-5.09401578965069
3,10,0.982360312265314,-4.17407910468075,0.982360312265314,-4.17407910468075
3,11,0.983415173468846,-2.37426947293803,0.983415173468846,-2.37426947293803
3,12,0.980427581062469,-1.06921627180035,0.980427581062469,-1.06921627180035
3,13,0.97692793313552,0.160466571005877,0.97692793313552,0.160466571005877
3,14,0.973641214308782,1.87202652746798,0.973641214308782,1.87202652746798
3,15,0.971107400759067,1.7848967293698,0.971107400759067,1.7848967293698
3,16,0.97392333203688,0.662918124719971,0.97392333203688,0.662918124719971
3,17,0.973826528467187,0.303680462718908,0.973826528467187,0.303680462718908
3,18,0.964908162900633,2.00162939271675,0.964908162900633,2.00162939271675
3,19,0.971853624566428,2.87605450387369,0.971853624566428,2.87605450387369
3,20,0.97770869054551,2.4492677325531,0.97770869054551,2.4492677325531
3,21,0.977367012840062,2.39767451633188,0.977367012840062,2.39767451633188
3,22,0.97230981318746,1.77533404527402,0.97230981318746,1.77533404527402
3,23,0.971302566155777,0.890713515265658,0.971302566155777,0.890713515265658
3,24,0.978485488843724,0.0219344702328716,0.978485488843724,0.0219344702328716
3,25,0.979664488858525,-0.8399672288959,0.979664488858525,-0.8399672288959
3,26,0.976814064628394,-1.59918828158848,0.976814064628394,-1.59918828158848
3,27,0.964060201248989,-1.66434037737908,0.964060201248989,-1.66434037737908
3,28,0.943022253534116,-1.88901898782699,0.943022253534116,-1.88901898782699
3,29,0.959026587328015,-1.01125244250433,0.959026587328015,-1.01125244250433
3,30,0.961288884281171,-0.150635058559174,0.961288884281171,-0.150635058559174
3,31,0.968912664698796,1.80071427002538,0.968912664698796,1.80071427002538
3,32,0.967272930431089,2.58369518401837,0.967272930431089,2.58369518401837
3,33,0.959226888327997,0.985310693161424,0.959226888327997,0.985310693161424
3,34,0.958818111875671,0.435586051180863,0.958818111875671,0.435586051180863
3,35,0.96882386111077,-0.377669270833746,0.96882386111077,-0.377669270833746
3,36,0.975701605565175,-0.385370775916289,0.975701605565175,-0.385370775916289
3,37,0.967844361754342,1.53552107314244,0.967844361754342,1.53552107314244
3,38,0.961405176320552,0.379637321016011,0.961405176320552,0.379637321016011
3,39,0.961958073002224,1.8050903582761,0.961958073002224,1.8050903582761
3,40,0.948066156434676,3.55817085432098,0.948066156434676,3.55817085432098
3,41,0.925597162443125,9.06854704441274,0.925597162443125,9.06854704441274
3,42,0.935449454697656,11.7027615755859,0.935449454697656,11.7027615755859
3,43,0.975256562441017,7.69010159851428,0.975256562441017,7.69010159851428
3,44,0.993395408990564,2.41266500733811,0.993395408990564,2.41266500733811
3,45,0.994183897471813,0.305483084207491,0.994183897471813,0.305483084207491
3,46,0.992846654830793,1.86859302128841,0.992846654830793,1.86859302128841
3,47,0.992897460591059,0.953032737659341,0.992897460591059,0.953032737659341
3,48,0.961710196649726,-11.0632175000397,0.961710196649726,-11.0632175000397
3,49,0.899685744146647,-22.9434942917378,0.899685744146647,-22.9434942917378
3,50,0.916397219726328,-19.3888733595297,0.916397219726328,-19.3888733595297
3,51,0.94951381346245,-9.54160483067982,0.94951381346245,-9.54160483067982
3,52,0.965676347028853,-6.22650307852863,0.965676347028853,-6.22650307852863
3,53,0.971143293141327,-5.75043563655195,0.971143293141327,-5.75043563655195
3,54,0.965808141429401,-5.43347610465976,0.965808141429401,-5.43347610465976
3,55,0.964163430776581,-2.4749465523491,0.964163430776581,-2.4749465523491
3,56,0.970217499958901,-3.92488150900397,0.970217499958901,-3.92488150900397
3,57,0.977503029618956,-5.08370676897586,0.977503029618956,-5.08370676897586
3,58,0.974608575398909,-3.06702754883301,0.974608575398909,-3.06702754883301
3,59,0.970681337442401,-2.22805584272038,0.970681337442401,-2.22805584272038
3,60,0.977232260161115,-1.94135781076595,0.977232260161115,-1.94135781076595
3,61,0.979517580826754,-0.614762177981401,0.979517580826754,-0.614762177981401
3,62,0.973319779303585,-2.85788958949996,0.973319779303585,-2.85788958949996
3,63,0.975367681413307,-2.47681327364423,0.975367681413307,-2.47681327364423
3,64,0.978930799435586,-1.13228457167374,0.978930799435586,-1.13228457167374
3,65,0.977293573311561,-1.12402997053464,0.977293573311561,-1.12402997053464
3,66,0.979392193816357,1.67826197254553,0.979392193816357,1.67826197254553
3,67,0.980062202427857,3.15989867200434,0.980062202427857,3.15989867200434
3,68,0.982672581413524,2.81429853081409,0.982672581413524,2.81429853081409
3,69,0.982399684594381,2.25654573041203,0.982399684594381,2.25654573041203
3,70,0.975960185822032,1.63467949718172,0.975960185822032,1.63467949718172
3,71,0.964076749865551,2.17376267680946,0.964076749865551,2.17376267680946
3,72,0.962670211934517,0.905824752761522,0.962670211934517,0.905824752761522
3,73,0.967690489674816,1.72494269745656,0.967690489674816,1.72494269745656
3,74,0.962032445176794,0.244401539695682,0.962032445176794,0.244401539695682
3,75,0.96803290099338,1.16530619168592,0.96803290099338,1.16530619168592
3,76,0.968711012117912,1.16053600745422,0.968711012117912,1.16053600745422
3,77,0.971812392264641,0.824602299005922,0.971812392264641,0.824602299005922
3,78,0.977394151231015,1.76681654640074,0.977394151231015,1.76681654640074
3,79,0.976129054968659,3.56857795620658,0.976129054968659,3.56857795620658
3,80,0.96610289516388,3.13437813519301,0.96610289516388,3.13437813519301
3,81,0.974635617035406,0.600860521369953,0.974635617035406,0.600860521369953
3,82,0.977953619943511,-0.275657587412174,0.977953619943511,-0.275657587412174
3,83,0.976994302064275,-0.869902651254699,0.976994302064275,-0.869902651254699
3,84,0.976838464057211,-0.972680069412807,0.976838464057211,-0.972680069412807
3,85,0.976204100528399,-0.876757678290595,0.976204100528399,-0.876757678290595
3,86,0.97349213902467,0.998355749930602,0.97349213902467,0.998355749930602
3,87,0.970855182202865,1.53588346752902,0.970855182202865,1.53588346752902
3,88,0.976992663196448,-0.403994894989845,0.976992663196448,-0.403994894989845
3,89,0.976375414120009,0.50851268359847,0.976375414120009,0.50851268359847
3,90,0.969577428764843,0.590707982947819,0.969577428764843,0.590707982947819
3,91,0.967287764077547,1.79198022333275,0.967287764077547,1.79198022333275
3,92,0.97896123934868,0.401080268092394,0.97896123934868,0.401080268092394
3,93,0.980425671584093,1.25951392381986,0.980425671584093,1.25951392381986
3,94,0.974593802002667,1.16166120044848,0.974593802002667,1.16166120044848
3,95,0.965492204454332,0.199012286822258,0.965492204454332,0.199012286822258
3,96,0.969388358957138,-1.47267473826577,0.969388358957138,-1.47267473826577
3,97,0.970259830032655,-2.0256883975688,0.970259830032655,-2.0256883975688
3,98,0.973630695795391,-1.11404413036347,0.973630695795391,-1.11404413036347
3,99,0.978116835918206,-1.72403142947558,0.978116835918206,-1.72403142947558
3,100,0.979483362856425,-1.55043649874015,0.979483362856425,-1.55043649874015
3,101,0.975126731607492,-2.03527805465951,0.975126731607492,-2.03527805465951
3,102,0.971085981124994,-1.68913770473518,0.971085981124994,-1.68913770473518
3,103,0.966202163275385,-1.63939631377058,0.966202163275385,-1.63939631377058
3,104,0.975192866919839,-0.837158333848931,0.975192866919839,-0.837158333848931
3,105,0.971774459514312,-0.826840396716709,0.971774459514312,-0.826840396716709
3,106,0.972270663642867,-1.55590946251314,0.972270663642867,-1.55590946251314
3,107,0.97639991254646,-0.674068682268803,0.97639991254646,-0.674068682268803
3,108,0.973628089294962,-0.307949717909401,0.973628089294962,-0.307949717909401
3,109,0.976045943884249,-1.65716307090464,0.976045943884249,-1.65716307090464
3,110,0.977287005792952,-2.12113814233828,0.977287005792952,-2.12113814233828
3,111,0.976579937651996,-0.758791765641563,0.976579937651996,-0.758791765641563
3,112,0.965841658962865,-47.5738939897184,0.970600492147812,-0.594367308007381
3,113,0.968917262985215,-42.9547000743984,0.97221298363993,1.09296462941267
3,114,0.968073455919527,-40.0206796261454,0.971736363961025,1.23723876528979
3,115,0.967972426537686,-36.3567722072044,0.971328022823924,1.99961963870633
3,116,0.974970559506831,-31.5643854538463,0.976532171435281,3.46497700195216
3,117,0.980070232714347,-26.5839281354603,0.979891454163719,5.00152428450389
3,118,0.976121295894546,-21.7211713183123,0.976402482793342,6.94312079878417
3,119,0.970807541052811,-17.8556943698028,0.972167655389655,7.73784720985283
3,120,0.969209842030622,-13.271365699086,0.973041883431701,9.1728794748374
3,121,0.972002763512776,-9.94839340800997,0.975106492212026,9.54811867412416
3,122,0.971356238302331,-5.63156801551046,0.973322287415938,10.7569751687254
3,123,0.969134305600637,-1.73429701127002,0.969155036017229,12.4235202091273
3,124,0.973158116633036,2.38206708027036,0.972306316607254,13.2615601285261
3,125,0.977822844985541,7.52882681881819,0.977261478130688,15.2114002551842
3,126,0.980706529542337,11.3296114066746,0.980699977520858,16.0656057570818
3,127,0.983549892443132,17.2479199753759,0.983896989839301,19.0380186668938
